Наименование,Цена,Цена без скидки,Ссылка на товар
Люстра Ливсден Brown,3324руб.,19 940руб.,https://www.divan.ru/chelyabinsk/product/lyustra-livsden-brown
Подвесной светильник Ливсден Brown,699руб.,4190руб.,https://www.divan.ru/chelyabinsk/product/podvesnoj-svetilnik-livsden-brown
Настольная лампа Ливсден Brown,1224руб.,7340руб.,https://www.divan.ru/chelyabinsk/product/nastolnaya-lampa-livsden-brown
Торшер Ливсден Brown,2099руб.,12 590руб.,https://www.divan.ru/chelyabinsk/product/torsher-livsden-brown
Бра Флиммер Black,297руб.,1780руб.,https://www.divan.ru/chelyabinsk/product/bra-flimmer-black
Люстра Флиммер Black,1399руб.,8390руб.,https://www.divan.ru/chelyabinsk/product/lyustra-flimmer-black
Подвесной светильник Флиммер Black,332руб.,1990руб.,https://www.divan.ru/chelyabinsk/product/podvesnoj-svetilnik-flimmer-black
Настольная лампа Флиммер Black,524руб.,3140руб.,https://www.divan.ru/chelyabinsk/product/nastolnaya-lampa-flimmer-black
Торшер Флиммер Black,874руб.,5240руб.,https://www.divan.ru/chelyabinsk/product/torsher-flimmer-black
Торшер Нидлс Khaki,2624руб.,15 740руб.,https://www.divan.ru/chelyabinsk/product/torsher-nidls-khaki
Настольная лампа Нидлс Raffia Beige,647руб.,3880руб.,https://www.divan.ru/chelyabinsk/product/nastolnaya-lampa-nidls-raffia-beige
Люстра Гейза Black,1749руб.,10 490руб.,https://www.divan.ru/chelyabinsk/product/lyustra-gejza-black
Настольная лампа Гейза Black,699руб.,4190руб.,https://www.divan.ru/chelyabinsk/product/nastolnaya-lampa-gejza-black
Настольная лампа Гейза Pink,699руб.,4190руб.,https://www.divan.ru/chelyabinsk/product/nastolnaya-lampa-gejza-pink
Настольная лампа Гейза Blue,699руб.,4190руб.,https://www.divan.ru/chelyabinsk/product/nastolnaya-lampa-gejza-blue
Настольная лампа Гейза Orange,699руб.,4190руб.,https://www.divan.ru/chelyabinsk/product/nastolnaya-lampa-gejza-orange
Настольная лампа Алней Black,699руб.,4190руб.,https://www.divan.ru/chelyabinsk/product/nastolnaya-lampa-alnej-black
Настольная лампа Алней Beige,699руб.,4190руб.,https://www.divan.ru/chelyabinsk/product/nastolnaya-lampa-alnej-beige
Настольная лампа Алней Green,699руб.,4190руб.,https://www.divan.ru/chelyabinsk/product/nastolnaya-lampa-alnej-green
Настольная лампа Алней Orange,629руб.,3770руб.,https://www.divan.ru/chelyabinsk/product/nastolnaya-lampa-alnej-orange
Торшер Алней Green,1399руб.,8390руб.,https://www.divan.ru/chelyabinsk/product/torsher-alnej-green
Торшер Алней Black,1399руб.,8390руб.,https://www.divan.ru/chelyabinsk/product/torsher-alnej-black
Торшер Алней Orange,1399руб.,8390руб.,https://www.divan.ru/chelyabinsk/product/torsher-alnej-orange
Торшер Алней Beige,1399руб.,8390руб.,https://www.divan.ru/chelyabinsk/product/torsher-alnej-beige
Настольная лампа Арбет Orange,419руб.,2510руб.,https://www.divan.ru/chelyabinsk/product/nastolnaya-lampa-arbet-orange
Настольная лампа Арбет Silver,594руб.,3560руб.,https://www.divan.ru/chelyabinsk/product/nastolnaya-lampa-arbet-silver
Настольная лампа Арбет Beige,419руб.,2510руб.,https://www.divan.ru/chelyabinsk/product/nastolnaya-lampa-arbet-beige
Настольная лампа Арбет White,419руб.,2510руб.,https://www.divan.ru/chelyabinsk/product/nastolnaya-lampa-arbet-white
Настольная лампа Арбет Black,349руб.,2090руб.,https://www.divan.ru/chelyabinsk/product/nastolnaya-lampa-arbet-black
Настольная лампа Синдри Grey,769руб.,4610руб.,https://www.divan.ru/chelyabinsk/product/nastolnaya-lampa-sindri-grey
Люстра Синдри Black,2449руб.,14 690руб.,https://www.divan.ru/chelyabinsk/product/lyustra-sindri-black
Настольная лампа Манэт White,349руб.,2090руб.,https://www.divan.ru/chelyabinsk/product/nastolnaya-lampa-manet-white
Настольная лампа Леррет Beige,699руб.,4190руб.,https://www.divan.ru/chelyabinsk/product/nastolnaya-lampa-lerret-beige
Настольная лампа Леррет White,402руб.,2410руб.,https://www.divan.ru/chelyabinsk/product/nastolnaya-lampa-lerret-white
Настольная лампа Истад Black,297руб.,1780руб.,https://www.divan.ru/chelyabinsk/product/nastolnaya-lampa-istad-black
Настольная лампа Истад White,297руб.,1780руб.,https://www.divan.ru/chelyabinsk/product/nastolnaya-lampa-istad-white
Люстра Боллар White,4024руб.,24 140руб.,https://www.divan.ru/chelyabinsk/product/lyustra-bollar-white
Настольная лампа Рибе Black,332руб.,1990руб.,https://www.divan.ru/chelyabinsk/product/nastolnaya-lampa-ribe-black
Настольная лампа Рибе Orange,332руб.,1990руб.,https://www.divan.ru/chelyabinsk/product/nastolnaya-lampa-ribe-orange
Настольная лампа Снибальд White,139руб.,830руб.,https://www.divan.ru/chelyabinsk/product/nastolnaya-lampa-snibald-white
Настольная лампа Спайк Pink,244руб.,1460руб.,https://www.divan.ru/chelyabinsk/product/nastolnaya-lampa-spajk-pink
Настольная лампа Спайк White,244руб.,1460руб.,https://www.divan.ru/chelyabinsk/product/nastolnaya-lampa-spajk-white
Настольная лампа Астри Black,227руб.,1360руб.,https://www.divan.ru/chelyabinsk/product/nastolnaya-lampa-astri-black
Настольная лампа Астри Beige,244руб.,1460руб.,https://www.divan.ru/chelyabinsk/product/nastolnaya-lampa-astri-beige
Настольная лампа Спайк Green,174руб.,1040руб.,https://www.divan.ru/chelyabinsk/product/nastolnaya-lampa-spajk-green
Подвесной светильник Клауд White,1924руб.,11 540руб.,https://www.divan.ru/chelyabinsk/product/podvesnoj-svetilnik-klaud-white
Торшер Клауд White,3202руб.,19 210руб.,https://www.divan.ru/chelyabinsk/product/torsher-klaud-white
Настольная лампа Клауд White,2799руб.,16 790руб.,https://www.divan.ru/chelyabinsk/product/nastolnaya-lampa-klaud-white
